<xml xmlns="http://www.w3.org/1999/xhtml" id="toolbox" style="display: none;">
  <category name="Logic" colour="#5C81A6">
    <block type="controls_if"></block>
    <block type="logic_compare">
      <field name="OP">EQ</field>
    </block>
    <block type="logic_operation">
      <field name="OP">AND</field>
    </block>
    <block type="logic_negate"></block>
    <block type="logic_boolean">
      <field name="BOOL">TRUE</field>
    </block>
    <block type="logic_null"></block>
    <block type="logic_ternary"></block>
    <block type="wait">
      <field name="TIME">1</field>
    </block>
  </category>
  <category name="Loops" colour="#5CA65C">
    <block type="controls_repeat_ext">
      <value name="TIMES">
        <shadow type="math_number">
          <field name="NUM">10</field>
        </shadow>
      </value>
    </block>
    <block type="controls_whileUntil">
      <field name="MODE">WHILE</field>
    </block>
    <block type="controls_for">
      <field name="VAR" id="lJ.d3Xzwq4EO9pbcM-,j" variabletype="">i</field>
      <value name="FROM">
        <shadow type="math_number">
          <field name="NUM">1</field>
        </shadow>
      </value>
      <value name="TO">
        <shadow type="math_number">
          <field name="NUM">10</field>
        </shadow>
      </value>
      <value name="BY">
        <shadow type="math_number">
          <field name="NUM">1</field>
        </shadow>
      </value>
    </block>
    <block type="controls_forEach">
      <field name="VAR" id=";)moF_=/[]v+i@k*^`Aq" variabletype="">j</field>
    </block>
    <block type="controls_flow_statements">
      <field name="FLOW">BREAK</field>
    </block>
  </category>
  <category name="Math" colour="#5C68A6">
    <block type="math_number">
      <field name="NUM">0</field>
    </block>
    <block type="math_arithmetic">
      <field name="OP">ADD</field>
      <value name="A">
        <shadow type="math_number">
          <field name="NUM">1</field>
        </shadow>
      </value>
      <value name="B">
        <shadow type="math_number">
          <field name="NUM">1</field>
        </shadow>
      </value>
    </block>
    <block type="math_single">
      <field name="OP">ROOT</field>
      <value name="NUM">
        <shadow type="math_number">
          <field name="NUM">9</field>
        </shadow>
      </value>
    </block>
    <block type="math_trig">
      <field name="OP">SIN</field>
      <value name="NUM">
        <shadow type="math_number">
          <field name="NUM">45</field>
        </shadow>
      </value>
    </block>
    <block type="math_constant">
      <field name="CONSTANT">PI</field>
    </block>
    <block type="math_number_property">
      <mutation divisor_input="false"></mutation>
      <field name="PROPERTY">EVEN</field>
      <value name="NUMBER_TO_CHECK">
        <shadow type="math_number">
          <field name="NUM">0</field>
        </shadow>
      </value>
    </block>
    <block type="math_round">
      <field name="OP">ROUND</field>
      <value name="NUM">
        <shadow type="math_number">
          <field name="NUM">3.1</field>
        </shadow>
      </value>
    </block>
    <block type="math_on_list">
      <mutation op="SUM"></mutation>
      <field name="OP">SUM</field>
    </block>
    <block type="math_modulo">
      <value name="DIVIDEND">
        <shadow type="math_number">
          <field name="NUM">64</field>
        </shadow>
      </value>
      <value name="DIVISOR">
        <shadow type="math_number">
          <field name="NUM">10</field>
        </shadow>
      </value>
    </block>
    <block type="math_constrain">
      <value name="VALUE">
        <shadow type="math_number">
          <field name="NUM">50</field>
        </shadow>
      </value>
      <value name="LOW">
        <shadow type="math_number">
          <field name="NUM">1</field>
        </shadow>
      </value>
      <value name="HIGH">
        <shadow type="math_number">
          <field name="NUM">100</field>
        </shadow>
      </value>
    </block>
    <block type="math_random_int">
      <value name="FROM">
        <shadow type="math_number">
          <field name="NUM">1</field>
        </shadow>
      </value>
      <value name="TO">
        <shadow type="math_number">
          <field name="NUM">100</field>
        </shadow>
      </value>
    </block>
    <block type="math_random_float"></block>
  </category>
  <category name="Text" colour="#5CA68D">
    <block type="text">
      <field name="TEXT"></field>
    </block>
    <block type="text_join">
      <mutation items="2"></mutation>
    </block>
    <block type="text_append">
      <field name="VAR" id="0N6qYF4t-cN;8U9`-VE)" variabletype="">item</field>
      <value name="TEXT">
        <shadow type="text">
          <field name="TEXT"></field>
        </shadow>
      </value>
    </block>
    <block type="text_length">
      <value name="VALUE">
        <shadow type="text">
          <field name="TEXT">abc</field>
        </shadow>
      </value>
    </block>
    <block type="text_isEmpty">
      <value name="VALUE">
        <shadow type="text">
          <field name="TEXT"></field>
        </shadow>
      </value>
    </block>
    <block type="text_indexOf">
      <field name="END">FIRST</field>
      <value name="VALUE">
        <block type="variables_get">
          <field name="VAR" id="A@a2:|bXSwAIw%{|P|/K" variabletype="">text</field>
        </block>
      </value>
      <value name="FIND">
        <shadow type="text">
          <field name="TEXT">abc</field>
        </shadow>
      </value>
    </block>
    <block type="text_charAt">
      <mutation at="true"></mutation>
      <field name="WHERE">FROM_START</field>
      <value name="VALUE">
        <block type="variables_get">
          <field name="VAR" id="A@a2:|bXSwAIw%{|P|/K" variabletype="">text</field>
        </block>
      </value>
    </block>
    <block type="text_getSubstring">
      <mutation at1="true" at2="true"></mutation>
      <field name="WHERE1">FROM_START</field>
      <field name="WHERE2">FROM_START</field>
      <value name="STRING">
        <block type="variables_get">
          <field name="VAR" id="A@a2:|bXSwAIw%{|P|/K" variabletype="">text</field>
        </block>
      </value>
    </block>
    <block type="text_changeCase">
      <field name="CASE">UPPERCASE</field>
      <value name="TEXT">
        <shadow type="text">
          <field name="TEXT">abc</field>
        </shadow>
      </value>
    </block>
    <block type="text_trim">
      <field name="MODE">BOTH</field>
      <value name="TEXT">
        <shadow type="text">
          <field name="TEXT">abc</field>
        </shadow>
      </value>
    </block>
    <block type="text_print">
      <value name="TEXT">
        <shadow type="text">
          <field name="TEXT">abc</field>
        </shadow>
      </value>
    </block>
  </category>
  <category name="Lists" colour="#745CA6">
    <block type="lists_create_with">
      <mutation items="0"></mutation>
    </block>
    <block type="lists_create_with">
      <mutation items="3"></mutation>
    </block>
    <block type="lists_repeat">
      <value name="NUM">
        <shadow type="math_number">
          <field name="NUM">5</field>
        </shadow>
      </value>
    </block>
    <block type="lists_length"></block>
    <block type="lists_isEmpty"></block>
    <block type="lists_indexOf">
      <field name="END">FIRST</field>
      <value name="VALUE">
        <block type="variables_get">
          <field name="VAR" id="yb(8Wo,^y}H[Nmfnjr2O" variabletype="">list</field>
        </block>
      </value>
    </block>
    <block type="lists_getIndex">
      <mutation statement="false" at="true"></mutation>
      <field name="MODE">GET</field>
      <field name="WHERE">FROM_START</field>
      <value name="VALUE">
        <block type="variables_get">
          <field name="VAR" id="yb(8Wo,^y}H[Nmfnjr2O" variabletype="">list</field>
        </block>
      </value>
    </block>
    <block type="lists_setIndex">
      <mutation at="true"></mutation>
      <field name="MODE">SET</field>
      <field name="WHERE">FROM_START</field>
      <value name="LIST">
        <block type="variables_get">
          <field name="VAR" id="yb(8Wo,^y}H[Nmfnjr2O" variabletype="">list</field>
        </block>
      </value>
    </block>
    <block type="lists_getSublist">
      <mutation at1="true" at2="true"></mutation>
      <field name="WHERE1">FROM_START</field>
      <field name="WHERE2">FROM_START</field>
      <value name="LIST">
        <block type="variables_get">
          <field name="VAR" id="yb(8Wo,^y}H[Nmfnjr2O" variabletype="">list</field>
        </block>
      </value>
    </block>
    <block type="lists_split">
      <mutation mode="SPLIT"></mutation>
      <field name="MODE">SPLIT</field>
      <value name="DELIM">
        <shadow type="text">
          <field name="TEXT">,</field>
        </shadow>
      </value>
    </block>
    <block type="lists_sort">
      <field name="TYPE">NUMERIC</field>
      <field name="DIRECTION">1</field>
    </block>
  </category>
  <sep></sep>
  <category name="Variables" colour="#A65C81" custom="VARIABLE"></category>
  <category name="Functions" colour="#9A5CA6" custom="PROCEDURE"></category>
  <sep></sep>
  <category name="Movement" colour="#a55b5b">
    <block type="motors_set_power">
      <field name="MOTOR_INDEX">1</field>
      <value name="MOTOR_PERCENT">
        <shadow type="math_number">
          <field name="NUM">20</field>
        </shadow>
      </value>
    </block>
    <block type="motors_move_for_time">
      <field name="MOTORS_DIRECTION">FORWARDS</field>
      <value name="MOTORS_TIME">
        <shadow type="math_number">
          <field name="NUM">1</field>
        </shadow>
      </value>
      <value name="MOTORS_POWER_PERCENT">
        <shadow type="math_number">
          <field name="NUM">20</field>
        </shadow>
      </value>
    </block>
    <block type="motors_turn_for_time">
      <field name="MOTORS_DIRECTION">CLOCKWISE</field>
      <value name="MOTORS_TIME">
        <shadow type="math_number">
          <field name="NUM">1</field>
        </shadow>
      </value>
      <value name="MOTORS_POWER">
        <shadow type="math_number">
          <field name="NUM">20</field>
        </shadow>
      </value>
    </block>
    <block type="motors_reset"></block>
    <block type="servo_set_position">
      <field name="SERVO_INDEX">1</field>
      <value name="SERVO_POSITION">
        <shadow type="math_number">
          <field name="NUM">50</field>
        </shadow>
      </value>
    </block>
    <block type="zone"></block>
  </category>
  <category name="GPIO" colour="#5b80a5">
    <block type="gpio_set_mode">
      <field name="GPIO_INDEX">1</field>
      <field name="GPIO_MODE">OUTPUT</field>
    </block>
    <block type="gpio_write_digital">
      <field name="GPIO_INDEX">1</field>
      <value name="GPIO_STATE">
        <shadow type="logic_boolean">
          <field name="BOOL">TRUE</field>
        </shadow>
      </value>
    </block>
    <block type="gpio_read_digital">
      <field name="GPIO_INDEX">1</field>
    </block>
    <block type="gpio_read_analog">
      <field name="GPIO_INDEX">1</field>
    </block>
  </category>
  <category name="Vision" colour="#80a55b">
    <block type="vision_see"></block>
    <block type="vision_camera_res"></block>
    <block type="vision_distance_to">
      <value name="MARKER">
        <block type="variables_get">
          <field name="VAR" id=";)moF_=/[]v+i@k*^`Aq" variabletype="">marker</field>
        </block>
      </value>
    </block>
    <block type="vision_angle_to">
      <value name="MARKER">
        <block type="variables_get">
          <field name="VAR" id=";)moF_=/[]v+i@k*^`Aq" variabletype="">marker</field>
        </block>
      </value>
    </block>
    <block type="vision_marker_type">
      <value name="MARKER">
        <block type="variables_get">
          <field name="VAR" id=";)moF_=/[]v+i@k*^`Aq" variabletype="">marker</field>
        </block>
      </value>
    </block>
    <block type="vision_marker_type_arena"></block>
    <block type="vision_marker_type_potato"></block>

    <block type="controls_forEach">
      <field name="VAR" id=";)moF_=/[]v+i@k*^`Aq" variabletype="">i</field>
      <value name="LIST">
        <block type="vision_see"></block>
      </value>
    </block>
  </category>
  <category name="Teams" colour="#ffeb3b">
    <block type="vision_marker_team">
      <value name="MARKER">
        <block type="variables_get">
          <field name="VAR" id=";)moF_=/[]v+i@k*^`Aq" variabletype="">marker</field>
        </block>
      </value>
    </block>
    <block type="vision_marker_team_hot_potato"></block>
    <block type="vision_marker_team_russet"></block>
    <block type="vision_marker_team_sweet"></block>
    <block type="vision_marker_team_maris_piper"></block>
    <block type="vision_marker_team_purple"></block>
  </category>
</xml>