{
  "$schema": "http://json-schema.org/draft-07/schema#",
  "title": "JSON schema for Block definitions files",
  "type": "object",
  "additionalProperties": false,
  "properties": {
    "requires": {
      "description": "Files to be included in the code archive",
      "type": "array",
      "items": {
        "type": "string"
      }
    },
    "header": {
      "description": "Code placed at the beginning of generated code",
      "type": "string"
    },
    "footer": {
      "description": "Code placed at the end of generated code",
      "type": "string"
    },
    "blocks": {
      "type": "array",
      "items": {
        "type": "object",
        "additionalProperties": false,
        "required": [
          "id",
          "definition",
          "template"
        ],
        "properties": {
          "id": {
            "type": "string"
          },
          "definition": {
            "type": ["string", "array"],
            "items": {
              "type": ["string", "object"],
              "additionalProperties": false,
              "required": [
                "id",
                "type",
                "default"
              ],
              "properties": {
                "id": {
                  "type": "string"
                },
                "type": {
                  "type": "string",
                  "enum": [
                    "number",
                    "boolean",
                    "angle",
                    "text"
                  ]
                },
                "default": {}
              }
            }
          },
          "template": {
            "type": "string"
          }
        }
      }
    }
  }
}